{
    "timestamp": [
        1570541400,
        1570627800,
        1570714200,
        1570800600,
        1571059800,
        1571146200,
        1571232600,
        1571319000,
        1571405400,
        1571664600,
        1571751000,
        1571837400,
        1571923800,
        1572010200,
        1572269400,
        1572355800,
        1572442200,
        1572528600,
        1572615000,
        1572877800,
        1572964200,
        1573050600
        ],
    "adjclose": [
    224.39999389648438,
    227.02999877929688,
    230.08999633789062,
    236.2100067138672,
    235.8699951171875,
    235.32000732421875,
    234.3699951171875,
    235.27999877929688,
    236.41000366210938,
    240.50999450683594,
    239.9600067138672,
    243.17999267578125,
    243.5800018310547,
    246.5800018310547,
    249.0500030517578,
    243.2899932861328,
    243.25999450683594,
    248.75999450683594,
    255.82000732421875,
    257.5,
    257.1300048828125,
    257.239990234375
    ]
}